fullName|name|surname
Nappie Lopez-gomez|Nappie|Lopez-gomez
Crawford Kelsey|Crawford|Kelsey
Gregor Samenfeld|Gregor|Samenfeld
Bendick Berti|Bendick|Berti
Westleigh Aghayan|Westleigh|Aghayan
Maurits Loreti|Maurits|Loreti
Thorvald Masson|Thorvald|Masson
Elijah Simo|Elijah|Simo
Shaun Nadal-ginard|Shaun|Nadal-ginard
Malvin Cambern|Malvin|Cambern
Northrup Berti|Northrup|Berti
Laurence Aghayan|Laurence|Aghayan